"公司","现金结构","偿债能力","成长能力","盈利能力"
"华兴源创",-3.82788234694236,-8.91037860300076,36.9026455559846,7.06869432959199
"睿创微纳",-10.7100330875767,-7.99612327259905,4.2574126810253,17.9979594835464
"天准科技",2.02696154456176,-23.8723375005823,32.2165399195806,1.9185309317081
"博汇科技",-10.8160241539115,0.0817480122858338,10.7867019585826,2.77177838229112
"容百科技",-4.56569695611423,-16.5711809297493,338.531925844351,-22.687586382438
"杭可科技",7.13610238045408,-21.6308102858276,7.84022658443423,11.4827992988068
"光峰科技",3.88944670795871,-23.4955313334926,45.2534803855034,-8.73397887770984
"澜起科技",-23.7064508230941,17.1554777009187,-10.5870576684118,8.96340842567373
"中国通号",7.89687057246713,-42.3949990727022,-3.74610734445971,-0.635038932087495
"福光股份",3.99176308383253,-19.5276384878549,5.84217380521073,-0.48420424708879
"新光光电",92.7902978774397,93.5977686323611,-1476.29332078191,294.754395342812
"中微公司",-18.6391187942258,38.6283493754804,211.425286639911,6.76892394904637
"天臣医疗",-19.157827283937,19.9341818660877,21.8013001318852,5.56354643130797
"交控科技",2.52583507435982,-37.7400789547655,34.5265494638451,2.38072251859083
"心脉医疗",-39.3584720658432,-4.96544897036417,61.5469780179888,10.9270749022713
"绿的谐波",-29.5442274939987,-13.3491219039691,105.66595697021,-14.7687198985258
"乐鑫科技",-14.8099786674428,0.0100932776185729,79.0619268613294,-0.602874992203359
"安集科技",-7.11952719636852,-8.76033479483194,19.1708311252318,12.9188811348799
"方邦股份",-1.9529570513297,-3.78107554040065,-43.6787125393658,7.91006815459078
"奥福环保",-2.36665138516182,-21.7389580015913,0.508306334414894,4.99192088678936
"瀚川智能",7.43512606443945,-34.9760478908193,52.3211849332935,-5.14831139677757
"安恒信息",17.5124533954276,14.8371139708053,-33.1533115537717,24.9543447237407
"杰普特",-4.982941914334,-20.2411176937602,91.4329351393486,-15.4209019054885
"洁特生物",-21.5241427523613,-10.2601289012083,41.9547721288004,15.6679224913864
"国盾量子",25.721628793745,23.7457354260163,-184.746400187399,36.9858091788909
"沃尔德",-13.4064375515189,2.92342594708848,10.9336884351743,2.99050497861054
"南微医学",-12.9702708754743,-7.72467620126615,33.0667237023183,7.60973417404905
"山石网科",0.444454869986859,-10.2279112283617,20.6817453476755,-0.859048136215271
"星环科技",59.3560159210169,12.6321183450195,-32.60028690143,-36.1867675541456
"禾迈股份",-1.81324387723554,276.585621246959,606.239890681409,89.4974863936278
"天宜上佳",-14.6455186634471,-12.4557550337291,61.3935795847052,-6.21992453886153
"德邦科技",-8.48966056777464,-4.45292718917223,85.5741880820223,11.1374626044694
"传音控股",-5.83526495504938,-37.1273360332317,58.1710886080687,19.5773393795797
"芯源微",6.47674656266433,-23.8548436669216,75.6349090714387,0.602221234049747
"中科通达",4.72030141284332,-21.2120352687766,-11.2880695996841,5.86314352699152
"当虹科技",-3.2446719723787,-0.514493207596864,-19.5430938143969,6.04177449859947
"海光信息",-23.9151903806131,-50.8739027575418,468.590048234699,-92.0749688910547
"必易微",-69.053902288045,-10.2604253524775,456.075584534441,8.28617579650983
"药康生物",-21.1725358857969,-21.2893932930642,57.6034369579964,4.32775278180858
"龙芯中科",-15.1446617996327,-23.2105114769599,135.040056254785,-7.23426951839179
"长光华芯",-27.6640756464754,-39.5503561001853,326.583250644916,-43.7806649464241
"炬芯科技",-16.4637921609091,96.9681608909985,352.33028419123,-0.808370258687439
"爱博医疗",-25.941030679746,-7.35907527527077,75.2137963539204,-11.903736242112
"佳华科技",31.3473644487431,-1.09703502431167,-127.986530349325,12.4274058651117
"纳芯微",-42.363470216589,-19.6694175082133,327.126929527892,6.73132683369519
"思科瑞",-38.4994919726786,-19.4577740161392,51.2877045857354,31.8340248007076
"龙腾光电",-18.5639371195575,-31.903315970543,210.144843467921,-16.8450516155745
"莱伯泰科",-14.0686548793793,-2.3003991183769,11.5027098929654,6.04381045730385
"金达莱",-23.8977337395162,-9.17790226043016,2.11987884019241,5.13245214367049
"宝兰德",-6.42530433925294,48.5303409184263,-47.0962623393502,8.3065423410176
"华锐精密",-28.136860491454,-1.67737675831067,122.440439557048,16.0033749194286
"云涌科技",-7.87224490635674,16.3990379269047,-16.9423422319617,7.97197538087932
"灿瑞科技",-27.7930212184907,-26.115527842093,146.081634652663,8.95633348503213
"迈威生物",1946.89706021991,1704.5960254173,278.869677576073,993.013790346267
"派能科技",-5.63384810032633,-15.8186519930018,33.1393899845828,7.22434647171949
"凯赛生物",-15.7809612485854,8.19260972413299,50.7619080128358,-3.08290768790655
"航天宏图",-3.44330498445601,-2.98201556128035,95.7641840478701,5.6711462518624
"爱威科技",-8.96712904034249,22.3885824709845,58.341365062707,14.8336116970615
"热景生物",-168.964526584914,-11.2057510768379,1622.3478007838,-115.258615380799
"德林海",-3.80224499870081,-6.80064515422472,-35.4604379171349,6.19481637609452
"纵横股份",22.2755401200624,34.7510010229729,-59.5289515348527,30.1122648274531
"华依科技",-1.04792206290245,-24.7558032299075,63.4089499870145,8.12681201319658
"拓荆科技",-15.8353238500694,-50.985357459196,517.519383423867,-96.5446977083412
"毕得医药",-10.206662349641,56.3137221754044,162.101665855216,17.0041349947732
"安旭生物",-45.722212259395,33.4238860931235,152.178514859038,57.6129445684515
"诺泰生物",-8.12310606583068,8.32260907674638,26.0852811310237,10.0804458687548
"大地熊",-3.65475010665842,-29.2921318544756,175.09377719479,-12.6563824263568
"龙软科技",-13.3366099932264,-6.72653633887394,34.3582726354275,6.90741038694039
"美迪凯",-11.3723292338722,12.7581997009119,20.8516154077968,15.2286971945389
"映翰通",-25.3932829333285,-9.75693136064178,139.091395549195,-9.52605074094738
"兴图新科",30.6668486665268,24.2217003856053,-172.504432694634,28.1390716855012
"盛美上海",-0.476483424448447,58.3639996812425,171.947208497212,27.4110252415517
"中望软件",9.12907227246515,23.2262730952571,4.9019963303273,1.18669159674556
"晶品特装",0.270532968389103,-26.3764231711134,27.668451571407,6.37225753826351
"三友医疗",-21.9590950940911,-9.49599418074832,57.6146262811293,0.485324374229284
"英科再生",-12.7041744081337,10.5256644463469,56.9478766834014,21.4536895344471
"虹软科技",-11.4226889884664,-5.71713883646536,-33.165413577768,5.23997208959254
"嘉必优",-24.8693212019779,16.9933452590531,3.64890391200565,6.65641717010928
"瑞松科技",6.5628514908882,-19.1411478450936,-0.190646794299993,6.30328481488988
"上海谊众",-107.166860975734,-7.35170500536547,1247.04223043635,-246.403252919104
"爱科科技",-10.4868016465252,14.9494953516769,60.5129796106708,18.0757636057566
"世华科技",-29.2307966375316,-12.5524475991357,48.821967164278,1.09470788432656
"福昕软件",7.10754178390513,9.46734288529469,-76.9646257499799,13.0890765842963
"京源环保",-1.90650556664465,-18.7662956583344,9.34558627262815,4.56780662529572
"博众精工",10.9648300414461,-30.770427939546,2.27933595546377,7.67996726765909
"申联生物",-19.4506130682811,-4.95718615360004,-6.76441299878739,4.64697091071117
"晶晨股份",-38.0748188603546,-28.6042729376466,472.654010439357,-61.4715370905847
"威胜信息",-10.1663167671332,-20.5073386373853,28.1848319276188,6.60787962862747
"三达膜",-7.36799082045085,-22.7928293553489,11.8229693712513,-0.416117849230208
"斯瑞新材",5.64577297797283,-33.8177670175991,26.7649843498886,4.4124416817218
"国力股份",-2.76447887265753,-4.21011565907605,-1.60943331368096,15.7447181112588
"诺唯赞",-29.8506574066279,53.2917400229499,107.443913431789,42.8161802198289
"金宏气体",-0.100167675210927,-16.9997854669454,4.20162827976874,5.58327690873735
"安路科技",-103.039566961665,-30.0818517162978,2303.50076998165,-397.432633906677
"赛诺医疗",70.9277733673456,49.1850035482245,-485.644053548041,90.2817245018596
"品茗科技",-3.63162842662439,56.7302010481947,82.274627726485,32.0074097876628
"东芯股份",-75.4347513502099,100.427560540481,1570.67808701538,-195.465893063846
"金山办公",-15.2873990317071,-19.8266863887996,19.5472995000593,7.52251747695737
"鼎阳科技",-9.80607825606181,198.394229324882,396.255073885836,64.3463198097775
"联测科技",-9.99902955686827,-11.1559223142499,39.7455795243573,10.809955928692
"华大智造",-12.2365198251355,-30.7775659964873,85.0662151693098,-9.33845049016385
"思林杰",-23.8563040675538,-0.300603747029507,17.9876279933779,22.1415885770516
"天奈科技",-20.8803322183585,-15.6954785116646,155.182711455278,-7.81028956250463
"圣诺生物",-9.27576921650687,5.86287905427251,44.5858851773854,11.9464065304504
"普元信息",-5.89894275768889,-3.45456149061924,24.479372158831,-3.75163629545477
"中钢洛耐",4.9451739599658,-37.4534769112748,23.8987566192453,3.65793457456386
"华海清科",-1.1867938740365,-31.870987051567,146.195361285514,8.07818315424397
"卓然股份",8.26225614276375,-52.6357107791569,22.2608164416088,3.09598469122246
"西部超导",-14.0774302178962,-19.5585701774867,115.959791270094,-0.369891966427356
"聚辰股份",-12.9916945019559,16.3100108330976,-20.3624322475125,9.6897906462154
"安达智能",-24.7240534063954,-7.24862350711276,32.0988143537244,25.7397678454207
"沪硅产业",0.73054540364817,7.41183568091001,78.6807662150203,-4.96079146869238
"蓝特光学",-21.6708854211868,-1.57716600680069,-10.3045819977511,7.94905176355865
"中国电研",2.27933620203367,-31.7837189435515,27.3907452047569,5.93891071918061
"东来技术",-15.7513999960701,-2.08790332511655,26.0983901768288,7.57540404608318
"晶华微",-42.9755705678325,62.8265147892404,89.5776541576927,47.1668977110677
"皓元医药",-10.4679597760923,29.8845966977696,133.142158405945,20.821904734657
"邦彦技术",-1.19280238454846,-44.3409496877587,23.4541070118037,2.66201356248201
"泰坦科技",-0.311502476356992,-16.1044781181057,63.1588374322524,3.521136995432
"利扬芯片",-20.1907937471568,-17.7621403053824,80.3530008817389,-6.87924334967483
"科兴制药",3.73065680693234,-15.1129263243352,-13.7918235657237,7.56290665781843
"近岸蛋白",-49.1914101029876,18.5553043056936,192.959801184784,60.0257365548446
"清溢光电",-1.52674942267967,-11.2742229638926,-22.660862719428,6.62803588428467
"海尔生物",-32.7979638282542,-27.656640686889,113.147701283746,4.16415294382103
"杰华特",-12.0942614320927,2.09604362300639,160.459032696201,2.15273608282203
"长盈通",-22.5038567308876,-19.2426438587748,44.5277760617811,11.7985210730826
"中船特气",-9.85284742580961,-29.9253743194582,27.9858285608413,9.71500775537888
"微导纳米",4.28871340510384,-16.5318882760244,-6.75128867359946,6.05369087266051
"芳源股份",10.8481853738057,-9.93631832983603,72.0959544727854,6.69353772324711
"莱特光电",-21.6343071092992,-15.9132300183865,58.0167974297289,4.30819526667832
"华强科技",-14.8469839131794,26.5781696108075,138.848135219547,7.66152286365741
"麒麟信安",-27.5209079509622,-23.1019719518991,32.0685963164756,29.8315646813062
"唯捷创芯",8.31545982428332,-14.4186713478074,136.831755992076,-21.9119209576501
"先惠技术",4.459705277632,-15.5959962557778,52.0153002179707,2.33815491178895
"路德环境",-12.7985808179783,-11.7313395385537,36.9657185468016,2.8555276343087
"松井股份",-13.537073685276,0.67281057258712,16.905697859141,4.69468427050347
"优刻得",33.6626382809288,-14.2420313584024,-57.5570033998439,-17.9757069918737
"有方科技",10.6492054713771,-26.8414644996866,66.2224407073011,-17.5816961554406
"步科股份",-13.4504098342295,-8.50500404571071,31.2426798599875,8.91754265910369
"威高骨科",-25.9217004830877,6.79647972743543,65.9111658376333,18.8409885020371
"巨一科技",11.1243326149825,-3.20607856724496,80.7710083325117,10.8946656215067
"赛伦生物",-40.6222649401936,10.0008248570637,34.1120313784971,21.7845914681496
"埃夫特",23.1502924818727,-18.963780303055,-14.9194291552473,-13.7997995629622
"博瑞医药",-7.6589506522832,-18.1516539462495,70.125751363996,9.85715466320602
"炬光科技",-9.47012513085549,78.3393189648429,210.315322294188,10.5009538120999
"安博通",-13.8573642107408,-2.64609914387575,55.214168688281,-5.8643362476262
"石头科技",-28.9609145161592,-4.42554720196411,29.0208130984467,22.8163743431026
"德龙激光",-6.17866225956358,-28.2540457512423,39.4880573825896,7.33720962953141
"纬德信息",-22.2627269153456,-6.62677656378655,11.3482760913347,22.6250535122577
"燕东微",-403.615342793692,-389.119378064945,7815.24263012313,-1545.92428972467
"希荻微",-3.78109374467836,-6.00447544893832,103.128203208845,-12.1219431435262
"高凌信息",-16.2103006892896,-21.4371456609917,9.97334510668856,13.492338127334
"亚虹医药",378724.120963013,344922.471647249,61204.8141485879,217690.8652044
"百奥泰",-8.28562621267562,-15.0780110501017,92.9369782281756,-16.9470018419733
"万德斯",6.96654519174755,-23.3094371674952,-14.9807748227076,8.28013687699731
"阿拉丁",-1.53818837845393,-11.6964400716306,-25.4184983170336,4.49880830929169
"君实生物",15.2843832145497,2.13395325549162,72.2553316463104,-17.701185104796
"八亿时空",-18.9621953076836,-8.96160505549424,27.5080975770565,6.8240027805133
"灿勤科技",-10.8033716193545,42.0975206549083,11.3680069396218,21.1769999826997
"生益电子",5.43174335834162,-15.1494027608467,-2.55116758405763,12.19882743749
"帕瓦股份",-1.59880068683046,5.49072455836027,149.010337102458,-1.06836061901899
"康希诺",-49.795934810315,-29.9484949568355,481.973802187052,-55.4085101796549
"广大特材",10.2909439341602,-14.6635822381715,50.9389895307402,8.47097398745442
"时代电气",-2.99279634515108,-5.99583834152755,4.94217519933504,9.02114146087332
"柏楚电子",-51.0530568150283,12.1092380530655,54.5916925801004,7.9936653838598
"南新制药",-2.69924052230681,34.895517518288,119.875865132431,22.1167762370095
"云路股份",-3.73712122054171,48.1947917888996,145.378527426694,25.0110381307181
"智洋创新",4.70780662260412,-16.4388061165059,-9.64030909056679,5.40104362196646
"仁度生物",-20.2717984075345,-12.4817597216397,23.4443542178636,25.1349514587184
"腾景科技",-7.55768181892316,7.49628370207236,17.2783206479029,13.5522839080001
"卓越新能",-16.4221246162927,18.5190549111355,45.9529021546789,12.0410704767527
"首药控股",1123.09287357285,114.502527806945,741.473548217387,-8413.14649364335
"佰仁医疗",-16.8306202900915,40.7809322937946,-3.52951730546727,7.03147012019376
"久日新材",-5.16045057173191,-16.5334758433426,27.0738913091735,0.56666614045639
"华峰测控",-42.2287384920253,-8.98802844981108,105.103123832868,-0.758496956547274
"信安世纪",-20.4673201010736,14.9355524003315,93.8451636608388,22.1400233768868
"美迪西",-25.3695665291511,-21.2911653565528,107.605291435224,7.47596447535002
"海正生材",5.18992466510811,-33.2041575671658,10.2414675325705,-2.69807876391283
"德科立",-12.7858641953834,-19.652144673339,8.64768970086469,20.7458145944276
"概伦电子",-4.62290148795486,50.1331506167765,83.9250245417055,8.45692053959614
"格灵深瞳",7.91989366047464,130.622452778316,252.487586358927,24.6031043461165
"道通科技",-5.22433446209785,-16.2552345280019,13.3124587952177,16.5962738492085
"英集芯",-32.8360242726861,-6.80104803252591,150.537148409832,7.97615872913534
"统联精密",2.43860763972381,41.5774648531,85.3725792193019,27.7206525510863
"中科微至",1.01701721230334,21.9476690082049,125.275051723503,18.7959989337541
"澳华内镜",-14.3980464849049,-1.74597672964578,214.516443848191,-42.5063719372941
"思特威",-11.5140547276995,-23.7520993850649,206.920294114988,-15.3194869393515
"瑞晟智能",2.59848264578866,-12.9821960869219,-0.266998514958864,1.83714729427603
"气派科技",-4.84660615373268,-17.0579337409582,102.23159868215,6.86568341419957
"睿昂基因",-12.9988984956076,32.493494005773,27.2438102189496,6.40445922917678
"江苏北人",8.7204492852437,-23.1837054143695,2.44185623627772,0.356788999257822
"会通股份",18.4220188345613,-38.7375673857429,-40.0991574072314,7.00596287523554
"翱捷科技",41.343947985909,-29.1117617108817,55.3583423561795,-74.5906151949949
"前沿生物",279.187279020749,228.051291891075,33.3632011806764,129.500923811472
"成都先导",-3.898989505944,-3.53090025357373,-4.69852586250846,0.664958234539856
"晶科能源",16.9746097829204,-46.1195793748496,45.7734318648462,-1.53269588993777
"亚信安全",-1.66044130117814,-25.2767544223702,19.467035195327,8.53949552341451
"威腾电气",2.61060259420906,-20.1331699444589,36.9107464993779,1.5649096589153
"品高股份",1.30695255151168,22.6579043641164,87.5245717961933,15.2020470622821
"开普云",-6.55051476992065,-5.06946023263943,19.6924168285949,1.54342415792764
"芯导科技",-5.63224314264129,338.661376056874,625.463187470139,105.728540361356
"隆达股份",1.65174146567502,-36.1906157817912,89.9632102610339,-2.67024538128765
"新点软件",-9.27712050418266,49.5218877848837,151.284322337682,29.7802994775232
"神工股份",-44.2953555350275,13.3006122865645,102.859925026899,-6.26477336872068
"天岳先进",-11.0902984453824,-6.88401978404542,87.3141958542459,-16.6729904900377
"百济神州",76.651734911365,51.2902680115216,45.4907340984077,-7.65831256284911
"春立医疗",-19.1783095271144,14.2466271460378,73.8381353396508,20.3562098829939
"超卓航科",-36.573357691671,-0.765773637968309,23.0346043816244,11.8406943480625
"和元生物",-5.93012969661261,-9.54031164675234,-4.82988390187918,5.48733775261399
"航宇科技",-2.15010015143084,-28.8841178106715,104.4042728974,-0.926830497223588
"永信至诚",-10.067969091073,-12.6700016512509,12.0043717289819,4.13363395992135
"嘉和美康",1.7597667067563,24.5173667047338,202.124336790697,-5.81907099813914
"宣泰医药",-14.2820380732405,-10.3387583675989,10.6228811611252,9.97632361373883
"南网科技",-3.90051693273114,2.53403105357723,84.5477813415745,0.0667083887886832
"晶合集成",52.7610070387524,8.76479054755158,32.6045345556733,-4.81151565217961
"井松智能",3.69328210937612,-44.024829122672,48.687890459226,19.3885801760016
"天德钰",-54.3514969861388,-18.7472577047067,384.504014858714,-12.0200731555273
"英诺特",-29.7756684039581,5.62291964453847,-51.8241755113135,25.222272857609
"凯尔达",-2.70945297727596,84.2514854300354,143.362401380545,37.6742289391759
"寒武纪",125.311762286863,173.524422022513,-56.4377906820206,58.1155636568985
"新锐股份",-6.5660073378614,33.9215908112307,123.571765246038,21.777269348601
"卓易信息",-4.9421128359367,-8.9165277015799,-12.8228629997796,5.18042242204031
"创耀科技",11.5793998252237,13.9102108692958,154.407662254443,55.1209540904528
"昀冢科技",14.5539807693502,-17.3726492125763,-32.9468793617607,14.5606510626825
"东微半导",-47.3953152936821,0.0381910577531963,340.665949305481,-20.52804848867
"国芯科技",-4.05091481123849,154.50075514575,312.804929690544,42.3039686639156
"南模生物",-6.52037482310489,135.090089417541,295.548203769941,43.2505504699336
"泽Z制药",126.09585098998,72.7782521293398,-34.542427285919,6.72173728610584
"中触媒",-12.7203377041243,-34.9325250066126,39.8063748292082,4.11607374526221
"华特气体",-6.41968341909076,-9.12690436645554,29.2010879444726,7.16074933442131
"凯立新材",-12.7386257757153,20.7768065531918,128.673537308952,31.8910901392589
"臻镭科技",-35.4250161788132,1.47339607665546,42.370951344141,18.0001784319211
"联影医疗",-3.28709372357772,-32.9215376782948,30.9108076634401,16.4721449066253
"*ST富吉",-12.6038026046092,22.8030032126221,57.8965287759936,23.7307296978389
"麦澜德",-32.7888358414743,-11.2156847820527,33.8115273216344,41.6483448852661
"万润新能",-35.0015583564209,-60.0901844911881,768.536015414526,-113.463280860508
"百克生物",-6.83199689942411,7.43686144620325,13.8805793726934,18.0365438418896
"天智航",39.396065896434,26.2694500871934,-27.402940361659,9.11596413065623
"特宝生物",-19.4750830898631,-9.60804348677577,56.4721444345914,9.74685993505545
"峰G科技",-38.4516647088221,-5.05444719478157,98.6566990131581,31.6287377084181
"精进电动",45.773042062652,28.2935210200462,71.1213308427327,-7.77199055693384
"华秦科技",-45.4858210268231,-23.5852281514937,71.5061055699322,43.3754377309159
"*ST导航",-7.876148958218,-35.9403104869477,34.3288666138929,24.4366112015221
"坤恒顺维",-23.8700994289837,-22.2642076961665,34.0668487583375,28.678103712896
"高铁电气",4.59573301565898,-25.0102046413392,22.7937165135692,8.77593785657421
"敏芯股份",0.869482678421548,31.0265123885423,-59.1112132988208,11.8868611370526
"观典防务",-24.3395734897674,5.30756309843307,25.8765551115616,0.000278227141484289
"鸿泉物联",9.48421486955112,-7.44966686432006,28.0127317721833,-19.1753009273888
"圣湘生物",-55.0370192606242,-2.65459902935478,19.7849619139074,47.302220421816
"景业智能",3.02431081247965,-7.22717897548556,-59.2402376834798,14.207050819865
"金橙子",-26.3698620428223,-0.0650755655269073,50.9170852256351,22.3041124714543
"浩瀚深度",-5.7221398129483,-22.4109164630123,25.8365200933305,12.2548492413775
"奥浦迈",-32.4887598391596,-32.0155718229976,366.041494969461,-62.5785339512368
"中复神鹰",-8.79768679481503,-43.3995958255543,230.868555490424,-16.8099662507461
"和达科技",-12.5918061504994,4.02241634669776,72.5408840229876,16.6126867642008
"中无人机",-4.11175557475415,-28.3713020186301,96.2967404550286,15.7675638340874
"东方生物",-105.814313135285,3.96454069987449,279.287890612228,102.442956396358
"长阳科技",-7.98333313394405,-9.84692847583004,11.6381712962466,8.5634530239376
"联瑞新材",-24.3433724635346,-8.067474812121,56.3064381017793,8.60590538069328
"奕瑞科技",-35.7606682123182,-10.1942227653253,107.154790269492,-2.13778260958546
"科德数控",-18.4043665887289,-6.45939025831441,112.2188235459,-7.6164701107043
"均普智能",12.7036082979767,-70.9237756461457,117.841002648886,-29.1686686961683
"中润光学",0.202814695112522,-28.4776924636913,29.3936609072561,-1.27080592375479
"欧科亿",-19.3817205292674,-19.0620906969802,94.6843421985921,-0.246021712117729
"恒誉环保",13.8138483849317,26.1608930231672,-86.3155492945511,17.5935215519334
"迈得医疗",-12.9152751925235,-4.77583974417959,9.33615670432327,5.3701178994813
"盟升电子",-11.9907257245394,-21.1971143389843,30.8499616135888,-2.67693243112496
"燕麦科技",-26.3258266405876,28.2565483345202,20.1121952612599,3.53960981920338
"仕佳光子",-0.691374566815151,-12.5392391923512,23.8899814778263,-3.09892512626492
"康拓医疗",-31.7655638635577,13.3720594054613,111.160602050278,18.0441289805673
"诺禾致源",-24.5151745457313,-39.0782260759385,457.948494640367,-72.9619782447939
"青云科技",46.3282578425081,-22.2961128863776,15.1397610792482,-75.0521387685287
"之江生物",-36.3310145943499,32.0817314588538,76.5526868601226,41.736029082102
"财富趋势",-52.3780913625221,-6.03982303286115,17.5182666105225,-12.3599588957212
"欧林生物",-14.1680583150773,-4.63525818113225,203.824810523154,-9.05062271555142
"禾川科技",-6.26339042674942,-19.4895798267788,18.2855523446493,17.645340985467
"微芯生物",4.71135605671014,-11.3520279722815,-26.9614899227676,4.6609088467268
"奥比中光",42.4147323023426,38.8121931258507,27.2538608451251,-12.2759844945571
"瑞华泰",2.17862864808895,-24.6642431357581,32.4272704039342,3.12964330098781
"赛微微电",-40.181488425305,2.20591944134324,176.409763286162,38.7282229411784
"经纬恒润",6.50570597089508,-49.0426484818638,124.217406733604,-20.8203456260194
"云从科技",58.7567376596772,-18.6910134969222,12.7247895647873,-63.7143101989097
"深科达",4.87294955420402,-21.6501246123707,18.2170797296958,7.1440856085551
"艾隆科技",-12.9473707338894,-16.0846144230773,58.339117293899,6.17539279184215
"宏力达",-25.4496325647905,-10.8246697962889,35.2360411018433,5.03915638958851
"荣昌生物",-14.830875241515,-18.4227616130127,103.433431925776,-17.1671334107902
"中科蓝讯",-23.3617135311553,7.40918565210945,28.8244867811585,35.0280839561783
"铂力特",25.8991420301801,-4.81547278739242,-112.796245830951,20.4666880906911
"西高院",-7.24951115471547,2.20349069580423,63.8764628344707,4.00864129714982
"复洁环保",-7.91520816781047,-10.6688133322556,5.7130975714168,2.00570450391411
"三生国健",1.28762531808385,17.6151600242429,59.3552399880965,-13.2835510238661
"普源精电",1.83004480314485,-4.06973971287832,61.8863858225535,-12.7082055191343
"赛科希德",-29.7111315873673,24.6480440988193,34.5922575165226,-7.40580403580088
"亿华通",43.6631613535888,30.4121830279857,-326.767251597853,64.9378274874343
"云天励飞",71.4950343935702,120.345950972516,211.947545636261,11.1409813819841
"博力威",5.4341792660764,-5.27660454952069,65.475459135188,17.5332968135692
"华虹公司",8.22588754738474,-7.97478877642707,-50.096719976912,13.2542961080323
"昱能科技",-10.4953233616414,-30.1737641191633,58.0819644636916,33.1491150908268
"三一重能",1.56199091035504,-55.2599243495373,41.6062461758878,26.6269996836715
"富淼科技",-2.76705960526538,-3.52822050290867,33.1463125684873,10.2680711628907
"微电生理",16.4390283959262,26.4951047344791,-218.917097695189,40.4282181666757
"颀中科技",1.63517920914908,-22.3833253451114,29.8528378726012,-7.75793500527416
"华盛锂电",-55.9205011182935,-32.9113392106488,369.42559183672,-8.68008236481638
"明志科技",-10.4319513579544,6.59060133101794,57.4652229926455,18.9566306382269
"键凯科技",-47.4030018703408,13.0314241729212,91.1161474151834,0.784850525504082
"建龙微纳",-8.8590388681949,-15.82482074008,-3.37759799127419,16.0428843733715
"祥生医疗",-18.4871539218511,-2.21147366249831,13.2512893151165,2.85218088647951
"三孚新科",-10.7065513032347,22.4636108699096,56.3139647824154,19.2124352681261
"德马科技",7.32304056672296,-30.4898846274521,10.5520243824957,3.03736491630408
"中科飞测",-8.07403447957866,0.0678907627582461,152.293031146459,-8.216243420476
"甬矽电子",-38.2908336203637,-76.6773055673907,868.233544039987,-141.428576351743
"华熙生物",-12.6880925488898,-10.8144377554703,36.9293265003652,13.3703425391217
"光云科技",24.1822036134007,2.95413833911472,-127.838562781062,20.6069188594046
"昊海生科",-13.1547189159712,-1.94952736203538,44.2901573523588,-4.58475306720717
"工大高科",-2.39699440459758,-12.4333818410872,9.22238519900942,6.22900819530804
"晶丰明源",-68.9920800229672,-46.8443440059709,766.74030668314,-90.5137297658514
"致远互联",-3.76307102315002,-18.5512049891193,19.5520138713106,3.24689084480429
"丛麟科技",-11.9261239976019,-32.7928844831008,5.98246761301621,11.347544542771
"菲沃泰",0.23075711349124,-11.2827240567322,26.5481243662608,14.5097179583711
"伟测科技",-21.9934607624267,-26.9225894314024,275.776930182577,-25.903136203286
"盟科药业",206.967552667961,218.634801886091,113.110963407598,89.8835284587496
"国博电子",0.954860020072823,-31.3086690907362,53.9976624870094,3.47936094252947
"美埃科技",2.46650643841581,-46.1441917757607,30.6826527155635,12.0938765622453
"迪威尔",3.73516338782113,-9.75328886198819,-42.2269403497665,7.66465902521241
"奥来德",-16.6823659036394,-24.210173319753,71.8729466909491,-11.9714572198009
"华光新材",8.43866585396584,-17.8183165761292,-4.79555544547634,8.29827022339092
"中微半导",-112.283521442312,-12.8105888481442,652.381855714214,-10.3466697241496
"帝奥微",-53.7035583880431,-10.8626754473124,289.901785175037,-3.50640041622724
"新益昌",-9.64815845126412,-18.0807301276046,147.247279427946,6.53587762993703
"复旦微电",-24.8514409358416,-6.83382920481674,212.316733874714,-11.1869085293087
"泛亚微透",-11.2395073437106,-13.0728282958421,45.1095424655433,8.31883468284615
"信科移动",32.6707328110572,-38.2010600005728,32.7141944163242,-46.2123117982329
"嘉元科技",-15.2187535951777,-8.52395543479904,218.872997407206,-4.50010540938587
"普门科技",-19.2546221181137,-8.07027108296025,34.4402646977613,10.5232494986166
"固德威",2.51385353458898,-27.9471343324379,33.8634810276659,15.1705191219963
"钜泉科技",-27.2330428088792,-16.5895768246566,74.9329271349138,31.9831796734527
"骄成超声",-6.52533908383693,4.02535585987928,80.8949827190093,35.5865836678641
"安必平",-11.19583829645,2.37208075660851,-2.13084373933365,4.90575656558447
"正弦电气",-10.3331352953794,10.1831324954795,53.0786223817624,18.0920017085381
"华润微",-9.38040160741285,-5.16906086992244,72.9272370177067,1.99390182247186
"赛特新材",-12.6848904426203,-16.0470623098579,29.2784331818772,7.73584100150271
"硕世生物",-57.2402097955465,-20.6537161243852,87.5936127727487,59.2129784434893
"凌云光",1.74143221419138,-21.2137115013351,34.1937691532405,5.95064657666511
"路维光电",-7.66477968990715,-59.3833940414923,305.362131053256,-58.3693698541574
"汇成股份",-135.976798376801,-156.966368763203,2615.36157309165,-513.839799843083
"中信博",16.8045150207359,-28.8273152474211,-59.7914280810207,7.40422477053674
"富创精密",2.57600217266055,-23.1345920397231,69.0966067069629,7.24511587500874
"山外山",-1.12584151718278,-18.3545899489203,1.41074152837605,-2.38990069668386
"恒烁股份",-51.3089299833814,-2.69819485456259,499.882844599354,-26.2875452357516
"震有科技",34.9706875189505,9.30269603641961,-252.726724614349,40.3809877013597
"耐科装备",-9.6370605239684,-26.2402512265847,65.558927796686,26.8242428997261
"美腾科技",-7.11690699383236,-30.245337154225,25.9618949793822,24.1249128677794
"铁建重工",-5.0483586221077,-21.6667075116587,32.3373365556536,8.73870019781469
"康为世纪",-35.6417196637007,-2.64153837425034,41.8030727076615,26.2973372860972
"诺诚健华",2.76996122070586,39.1259876949778,112.582665693847,-12.8859897263328
"时创能源",-22.8408186894775,-24.0590752921087,64.6358298922627,26.1008271986919
"有研硅",-10.1471770600461,-8.49972301965038,68.1729893906367,-3.09143441306349
"华曙高科",-8.65110666370906,-20.4490837546051,10.3907403879905,11.5943597927984
"英方软件",-12.2235592423533,1.66724783540213,-2.24704360502061,10.0650444141462
"振华风光",-21.2801946549882,-28.605262380609,110.800998443603,19.2527061307704
"智翔金泰",116704.821672162,106382.482678301,19031.1871274014,67086.1755185473
"磁谷科技",-6.70925971624446,-32.5186971991199,30.9809672183022,8.4818366460263
"光格科技",-11.7805319508281,-34.1387233351485,132.224729099286,9.2018395300952
"科捷智能",10.8866196151657,-44.3240530070333,66.115611080169,13.1993195794257
"有研粉材",1.79357912733485,2.21652368431002,0.193440067030882,17.5243243701217
"美芯晟",-13.4961881318852,86.3058348151189,414.127664739582,-5.04163903616545
"哈铁科技",2.0364141946446,0.523591279063872,46.8339797099392,-4.62343926675574
"金科环境",1.41257915410779,-23.9062594955743,3.66721920054487,2.13137968090661
"科美诊断",-23.4632502238457,8.04622722803584,43.7377796463967,9.79988354698707
"芯联集成",100.647375834219,50.5289086810125,-21.7399883664517,14.4000826806987
"阿特斯",9.84843951057801,-51.1283729321114,-20.2973965617589,9.32976058670194
"萤石网络",-1.03720852135995,-32.6470452233166,70.5531003286043,25.2795278178808
"晶升股份",-25.3430472490257,-15.1189059202054,271.678582619044,-27.1050226274547
"友车科技",-6.94577378076468,-19.4621644981925,8.06612901420952,15.9220029061192
"赛恩斯",0.503792609129487,-31.7880073440722,8.36994136811239,4.80868408026397
"南芯科技",-139.534254383952,-70.8856316967192,2402.27908539781,-399.474393538233
"九州一轨",-7.40135509812032,-17.901229615,17.1609797520646,5.06516432855115
"龙迅股份",-29.5531330050489,19.2803257494947,81.1261429063995,27.1917336404696
"艾迪药业",16.8992146558529,22.7831647867916,-135.684431603621,25.4436211907193
"三未信安",-24.4840529927088,-8.11092031032301,53.4318230089681,16.2123468075772
"清越科技",9.84964375955382,-34.1385912730463,8.89275640822664,8.72320782233327
"源杰科技",-27.6267309873673,-14.4282173129006,34.4335634394317,12.3608892092626
"利元亨",7.2571722291563,-31.7522235475417,76.2645299902234,1.35845168874063
"*ST慧辰",15.9564283143663,8.37112004141016,-104.729560682086,15.2780198426566
"青达环保",1.84001992947547,-26.9622822847341,41.236930939467,-0.0513805443579711
"茂莱光学",-16.0205673548396,-16.2377789197287,65.8754105140297,19.3018449800978
"聚和材料",1.964399452768,-15.6349129311451,134.012796770631,13.4242484201027
"复旦张江",-1.37038855667966,-13.0254606332068,-20.9379799115693,7.36457426655213
"百利天恒",41.5282468851499,-32.3857246247669,-238.486847443212,6.04944669670525
"索辰科技",-19.0350736295314,-30.6452302878003,272.563033632464,-38.8392518924057
"芯朋微",-28.8401878597872,10.6990288414175,88.3791970375129,-0.269653632287897
"正元地信",12.3757230016226,-41.5588657069441,-7.98661363504562,-0.675224440172105
"航亚科技",4.79416697957714,-9.95403148252841,-36.9343716915766,8.04619702824467
"天微电子",-34.1358040753112,40.1597961784275,113.946879681821,28.540190733055
"慧智微",58.4757714500662,48.9939124796743,-4.11583374644078,-13.0795379784802
"苑东生物",-14.1455536766377,-11.9470348411215,27.1330108515468,4.14193056562133
"裕太微",10.6191241901795,-30.8593608123024,6.79121414537749,-9.95284527120219
"奥特维",-5.49509978440926,-45.8176681375639,131.995097258035,1.47043247952291
"金冠电气",-2.53575343408165,-16.4041829427819,14.0056611025171,8.98607149775646
"联赢激光",11.0346922717495,-29.3343750173886,60.2858709218635,-1.51033067952435
"南亚新材",-9.15372525246326,-30.5637262340317,232.459351912984,-28.0813371996815
"芯原股份",-7.80403574466059,-25.1677702558701,299.614822723289,-58.9279058718275
"纳睿雷达",-33.8648671569509,56.783071844142,137.207975488222,46.0542285355974
"航天环宇",-18.1465010841868,-25.4270395152081,54.9891583208752,9.04983212772886
"佰维存储",-8.05047696515745,-19.8820312731491,305.823123777763,-43.3669198683914
"科前生物",-29.2074364764152,-20.6548863045388,28.861262854819,5.87171885284843
"秦川物联",2.80329602875678,-12.7708202286066,-29.6298455008717,5.86644551573843
"豪森智能",14.2045271156152,-35.2772735122151,-7.01810110423485,4.2820350575102
"欧莱新材",-15.7135332282271,-13.3948529243515,389.66878221704,-50.3465956113693
"日联科技",-7.22311675496378,-31.0444111797116,133.947780855528,-16.6556751977038
"上声电子",4.68105159168785,-18.4584255851146,-0.823094839631533,6.85034267874047
"华海诚科",-18.6135404715991,-62.8399288844412,456.398306096058,-66.3505046026147
"思瑞浦",-31.3052167494669,9.53873200851177,129.423261297758,-5.09249612426171
"和辉光电",71.3036411591994,8.12448759434751,-98.7417524375844,13.9051570361738
"高华科技",-11.0630000874125,-34.5742258218038,65.6924619844805,-1.60439006201982
"国科军工",-6.43606111853,-61.1487579034835,258.097326043637,-35.6540154433254
"广钢气体",-19.7236940059527,-22.449658270038,248.962849145742,-1.60763155235077
"中巨芯",1.96690380767977,-11.9899470159859,67.7572614413328,-8.43451055308546
"瑞联新材",-8.2944041098656,-11.8788505753073,48.2554090381889,3.11053731498681
"科威尔",-9.4745775882111,-3.86824135743133,8.33729987743289,2.50702324610385
"航天南湖",-23.3277477724688,-38.444104330773,160.0596522442,1.77397253299794
"汇宇制药",-16.5721141392851,66.336989140759,173.569376552797,39.5511015736089
"高测股份",-0.443102431499932,-37.6186913405049,195.454322713763,-23.2223095803629
"兰剑智能",-1.38279464366414,-16.4076821244775,18.6075103586925,8.1663906693311
"国盛智科",-12.6068930040815,-18.3746429140063,67.0506620276591,4.99833185305611
"海目星",13.4778600298913,-38.0215785504087,66.6842269683171,-3.9500502787249
"明冠新材",-2.79356026202739,-15.9294238705298,23.1060105478531,4.62241255583975
"奇安信",16.761022874438,-6.53328163338556,-39.0898578214674,-0.508081146045567
"航天软件",15.4292721069709,-59.440231122335,31.4400616719627,-8.82203902150374
"航材股份",-11.3387193830755,-2.24967317031216,86.5702497353123,21.2804123238359
"力源科技",8.46660768474058,-7.17850569466297,-37.6272467446052,11.237215497209
"吉贝尔",-15.7522329485238,5.29363830807588,-2.52213311915722,4.43725471270545
"孚能科技",38.6104221706379,-9.02842896970763,-97.0355190468903,14.6721307468958
"中科星图",-9.35761381057829,-18.8999658207208,73.7131989757177,6.98030376809432
"铁科轨道",-7.89719765385686,-10.260309863254,10.1714809953071,4.80392329340698
"天玛智控",-17.1228453857222,-41.9723103024994,39.4132930632932,17.1142155327042
"杭华股份",-4.55888232685596,-11.9553374672517,10.1777885817097,5.66198734624519
"信宇人",8.05316531467396,-45.4038585680494,117.816343846577,-19.5287602368178
"亚辉龙",-8.972111536572,-5.34182387954921,40.6553616792737,19.1453466911734
"西山科技",-11.615310866775,145.231321034398,291.601347163092,37.1567346076291
"浙海德曼",-4.45744406130399,-23.7196190324268,40.4935475484524,0.265890760932302
"艾力斯",-7.07729102829667,21.5370522147748,80.997211526738,-16.5974132650774
"山大地纬",-5.16863586554466,-19.9273669346933,14.0299274511249,1.59462244687684
"伟思医疗",-30.8809428457078,6.27322939399745,20.7598224164882,3.72465353855555
"安杰思",-34.1233959128461,-9.61904921390847,73.794187364547,35.3428284878313
"芯动联科",-34.4239390513415,53.8924506001368,94.7481506835158,13.4046381877419
"上海合晶",10.4517441067192,-25.534037055674,-23.133334661648,6.08903438630989
"上纬新材",14.0103299691881,-28.3535532672569,-64.9050660800989,7.09833532076829
"江航装备",-7.11858574217482,-30.1584400751184,28.82828851488,0.651698494088505
"凌志软件",-20.403222861461,9.4922216865823,-9.92743693663751,14.1366205980479
"力合微",-6.01127618504829,-10.4896159181145,63.9749850755801,-6.67089429105734
"新致软件",-6.46647536855119,-30.3556689727805,64.568561338821,-5.10474089776587
"泰凌微",-5.80034777819492,21.9292517371991,-31.300285810677,11.4007351028408
"司南导航",-4.17761161943801,-19.1113717239023,130.77728737971,-6.64057776909799
"新相微",-82.0853924101914,-8.14278075401147,1103.37049671389,-133.968845060118
"芯海科技",-10.8460701872945,2.38134883274925,9.07028227361509,9.04856713155639
"正帆科技",2.91347458881124,-29.7151139490683,39.0724469699165,0.0373423104854842
"煜邦电力",2.0968210696664,-10.2703298544317,-10.3434701953233,8.68831234966141
"金博股份",-26.1272461530037,-11.3593715213718,117.807814096877,17.6968805864275
"天合光能",10.7984261018698,-42.3996482739737,76.1202946589744,-4.77824684038737
"皖仪科技",3.13552700615134,-9.64478891832022,-16.4710833516925,8.7141359875191
"力芯微",-24.7672059833518,43.0297657489014,220.443227169981,20.2127184951243
"康鹏科技",-0.411930786094389,-26.3716217806905,-11.2104027687421,8.17127066455167
"天承科技",-13.0439838979598,-0.86165580682419,40.3418314561557,21.0928367117788
"奥泰生物",-71.9316601183086,-24.0003714922466,498.102502456383,-40.4460842782556
"康众医疗",-18.7344421391582,45.5451700657264,86.8707979903529,21.8930946914913
"恒玄科技",-18.9358586172849,11.8966310267876,86.0074092708925,-10.462953357336
"九联科技",10.5928039909566,-30.5655876353511,2.99872573465197,7.20725303951128
"埃科光电",-22.0151786660315,96.8872010926279,489.598635687467,25.7024914729396
"杭州柯林",-26.9487810168679,27.9898556024615,72.9996249827114,22.7576521780956
"威迈斯",7.56392470654312,-43.2956562456243,68.7283050370201,13.5683426270892
"奥精医疗",-33.6817212851547,33.05308132561,73.4194127617442,5.16689749189975
"西力科技",-8.34033449356338,-6.46418727353117,18.5471409263984,11.2597337916926
"惠泰医疗",-19.0180037939007,-6.99162766490266,38.5038892551304,4.97378879657761
"三旺通信",-13.403780562348,-16.0292038684246,40.2467283372327,-0.247695255774292
"罗普特",9.16269949323373,-31.9971041554761,-36.2512079421283,10.2583733368034
"安凯微",6.87763440779829,-1.75847157578337,-15.5230290657109,11.1396535077461
"阳光诺和",-8.74364438857431,25.6251171709347,165.110373491898,26.1436543648211
"禾信仪器",-5.14569942830845,-7.82720973109084,50.0246123139078,16.633265393885
"双元科技",-10.4326315163711,-37.9001328781731,106.903493158397,15.9957723983314
"呈和科技",-22.3707063890549,33.9689770006837,148.503688657196,35.8271200669836
"翔宇医疗",-23.3238252787564,32.2012212318319,82.0858386035656,20.1942035021947
"精智达",-100.987004871921,-50.6807526486436,2362.70966109211,-395.981635645606
"优利德",-4.68140593715544,9.62481800367498,38.0228895507596,24.7351877941157
"华丰科技",9.20806723478217,-10.1820444831301,-9.13212797807438,9.91624597472944
"芯微装",-9.09819169028634,-20.5025550810075,39.0176302849226,6.21692214615405
"莱斯信息",3.16664342984627,-65.1265232393525,137.295947158043,-25.5814855164057
"星球石墨",-8.717857544117,4.43205296918483,70.207922494155,15.6533558781118
"智明达",-11.1428198374969,5.38980919335398,97.9952957882484,18.0997101633066
"誉辰智能",8.53155987285235,-15.4386295965132,141.799794325531,22.2976495031945
"华恒生物",-15.3393772734944,15.9415726427274,96.0486135134826,22.1621371973619
"逸飞激光",7.4213940538441,-47.851632887142,123.175720099077,-25.9902920097115
"中邮科技",4.1952302949041,-48.5244034697309,103.882675877079,-21.5563678033726
"盛邦安全",-17.6442359012494,7.65045569797559,122.798938376556,17.9784696503509
"京仪装备",6.31914308391514,-9.74707378541039,145.649064976806,-12.2037518221136
"康希通信",7.86219455091888,112.024231220994,291.310533980417,21.0108864855442
"迅捷兴",-6.13738175364098,-3.84208416343202,39.3480911378074,11.6329809375446
"浩欧博",-4.25292714203762,-8.60358063248346,-29.9194678287772,10.4747893771134
"浩辰软件",-26.4444346862198,-29.8300657717755,146.582914197051,8.22916108977877
"悦康药业",-6.92008991198222,-23.2557738067485,27.6924324013515,7.51023195977463
"元琛科技",-1.61738656014013,-12.7051454346878,44.6618492426112,11.2362275376567
"电气风电",15.7598796889892,-55.9975079373153,13.9072908567166,-8.46916525653161
"和林微纳",-24.8539731157978,47.8694728232085,186.393134950366,36.5721304131401
"富信科技",-10.0916606132004,11.4677401346198,68.3015448429305,20.0964277841769
"新风光",-0.49646837308104,-15.5989972686488,42.5136294492756,10.356905240038
"四方光电",-30.8962475720914,34.6530019533495,214.395738928988,32.050070731658
"菱电电控",-7.80755135057511,29.2389407281215,78.4544695710838,27.5293859282923
"鼎通科技",-14.9419938829724,-13.8336831596008,50.0123132510919,6.4115161781831
"聚石化学",12.6865826496143,-1.92819888351454,34.3508731183648,20.0732578586761
"金迪克",-5.83186279905536,30.8125435184112,40.462675862208,25.8152990021292
"碧兴物联",2.314427971901,-27.4219072854919,65.0114487823149,5.91226367249706
"金盘科技",11.4309281560757,-30.8788365529996,32.721369782346,3.31211063544555
"海泰新光",-27.354262604639,59.1370023652761,137.02910066953,27.5258907521712
"福立旺",-4.62280259059866,6.72184788596303,84.5399435239487,10.612755774434
"通源环境",12.948949398702,-31.5425376598949,-8.42532780483668,0.594313576593411
"海优新材",5.98609648207898,29.6513748291562,99.6878161926113,25.9724074415197
"科汇股份",-4.78382314471597,-3.29798214448725,23.5021509037349,13.1322932030052
"霍莱沃",-10.3846958114214,22.0694187550843,137.556442350794,17.0729396034084
"莱尔科技",-10.4105351817159,12.0542331934752,44.3089795392692,12.1365431904975
"迈信林",-9.46348217804615,-3.95871674159049,24.0178371335009,7.33824208910939
"奥普特",-27.4640786262894,9.30382484133986,25.0895794742558,6.47270930131078
"凯因科技",-3.75235277793784,12.8289023323752,87.7410903256783,7.66676697153094
"银河微电",-15.0899194316586,0.812016362528514,126.189819907657,5.88954904480223
"纳微科技",-34.0353310911689,1.23565793962754,178.915236749019,5.32706837176894
"灿芯股份",3.46251672559334,-34.2805702146259,142.422483712721,-18.2791981902993
"达梦数据",-20.0524881002774,-28.6729758979146,105.115765985918,19.4418564221953
"锴威特",35.9027044079206,14.4301697973464,-172.378725565649,26.9118755075702
"中创股份",-41.4029115845746,-19.883665101711,97.4148464736565,39.9777162155119
"极米科技",-7.78945626967099,-5.98980826847525,135.382995521757,16.5672628269365
"纽威数控",2.77811137547684,-24.3281593245266,91.0088905920497,4.94354256188295
"伟创电气",-7.83160913798678,-21.2125655774277,45.4739752152652,7.10562905355423
"明微电子",-74.3315686742619,-15.8059349797721,409.766373985659,-18.2162836334422
"东威科技",-9.43415955605639,-20.6648302589934,113.79489327435,11.9140131404414
"卓锦股份",8.44770588848172,-2.24677024932301,-2.05089959877897,14.586478766679
"盛科通信",23.6328576688621,-10.1394697981186,-175.050748515306,26.7918165138149
"振华新材",-6.50970356768071,-35.629745064302,283.57162593851,-32.2816203083622
"成都华微",-23.3035976729351,-37.4576448357943,209.108595028292,-15.9199712969213
"宏微科技",-3.94256589022149,35.2575117491402,243.080161993712,6.72466620763322
"中研股份",-14.6671412450832,-6.41981058374475,82.7320642160334,-1.78197917731632
"艾罗能源",-147.553323809026,-217.989687379156,3052.702973093,-584.011488357982
"唯赛勃",-10.1443103182881,3.47896545879559,34.0275374513524,9.27378489753391
"爱科赛博",2.83180511797476,-51.3733085936,187.268860907022,-28.5509344790213
"艾森股份",-7.53077749939764,-8.30055669951245,37.6530005996882,3.12884421066675
"同益中",-10.7587745728093,18.7374285098351,18.3495349512493,8.3196201818769
"格科微",-7.52086169327628,2.47392266526608,137.6037730904,19.5571437223691
"壹石通",-18.4322373178725,29.0937193894834,194.874610912994,3.64146853446765
"中自科技",5.31821129148719,26.5822823677003,-35.9669714633196,19.5032255754064
"成大生物",-32.8226111240989,66.4694194729812,78.5810056919038,19.2134376583435
"普冉股份",18.1916102891208,28.0490993918453,-132.576589751823,19.8931890312318
"博拓生物",-65.5620262801441,64.8788823334561,263.97439954326,81.3762091721424
"容知日新",-13.5951815390956,7.09851499604094,47.3046119213371,18.773394565364
"珠海冠宇",20.5889197634719,-28.0265669673005,-40.0973939141317,12.680969165668
"国光电气",-18.4946578153869,24.0261677293765,142.57691585458,12.1998127959005
"中控技术",2.12275103809084,-36.6634688791502,48.2135401531301,1.14566099366067
"厦钨新能",3.04186972046895,-28.7829082678974,156.896002200523,-3.80629323507719
"长远锂科",-22.4821300987127,-12.3911926184345,482.751692436183,-61.6784599127636
"悦安新材",-21.7871173283927,15.0860026345222,119.772000909368,15.2206609890732
"海天瑞声",-7.94100363831097,61.1217977060157,6.05929168761342,19.258967497784
"科思科技",-17.6183200210722,30.8353780488563,0.248823440057409,-0.290762902239764
"宏华数科",-20.5920505609859,9.18481579390488,81.4495823046064,19.8529320523648
"倍轻松",-6.31534191914758,-2.2086653250959,69.8889670186906,18.1050936136803
"艾为电子",-9.91636234688619,84.0783337796475,348.400662143065,17.4112558531717
"华纳药厂",-8.28157596297263,22.2824270836828,80.05007693289,18.7530321014098
"瑞可达",-5.03324336315661,-10.2148246834478,80.9349747701069,7.14118664566631
"天能股份",7.76469002717923,-24.4070921093374,-1.23244010998413,15.3735872843454
"中芯国际",-16.8728346769537,-28.9181585842264,124.379590805886,-21.7263188817443
